Country,Edition,1.1.1) Internet users,1.1.2) Fixed-line broadband subscribers,1.1.3) Mobile subscribers,1.3.1) Network coverage (min. 2G),1.3.2) Network coverage (min. 3G),1.3.3) Network coverage (min. 4G),2.1.2) Mobile phone cost (prepaid tariff),2.1.3) Mobile phone cost (postpaid tariff),2.1.4) Fixed-line monthly broadband cost,BG2) Population
Algeria,2017,31.9,5.71,108.8,99.19,46,0,5.501,4.914,3.82,40.6
Algeria,2018,47.3,7.05,116,98,83.36,3.62,5.501,2.007,4.01,41.3
Algeria,2019,54.2,7.76,110.8,98,90,30.49,2.038,2.207,4.41,42.1
Algeria,2020,74.4,7.26,111.7,98.04,97.45,52.84,1.981,2.207,4.41,42.9
Algeria,2021,74.4,8.32,109.4,98.04,97.72,53.63,2.379,2.207,4.41,43.7
Angola,2017,14.7,0.55,49.8,99,60.67,7,6.67,39.803,10.83,28.8
Angola,2018,11.3,0.29,45.1,90,62,8,6.67,6.807,9.52,29.8
Angola,2019,11.3,0.33,44.7,90,85,8,4.699,7.861,14.26,30.8
Angola,2020,11.3,0.36,43.1,90,85,8,2.172,7.861,14.26,31.8
Angola,2021,11.3,0.37,46.6,90,72,18,1.568,7.861,14.26,32.9
Argentina,2017,62,15.92,143.6,98,90,65,1.58,1.551,3.93,43.5
Argentina,2018,71.8,16.67,146.5,98,95,85,0.78,0.998,3.33,43.9
Argentina,2019,75.9,17.85,140.9,98,95,85,1.118,0.828,3.59,44.4
Argentina,2020,75.9,19.1,132.1,98,95,90.76,0.663,0.828,3.59,44.8
Argentina,2021,75.9,19.64,125.8,98,95,91.18,0.482,0.828,3.59,45.2
Australia,2017,85.9,28.53,107.7,99,99,94,0.505,0.373,0.74,24.3
Australia,2018,86.1,30.39,109.4,99.3,99.3,98,0.505,0.247,1.24,24.6
Australia,2019,86.1,32.22,108.4,99.4,99.4,99,0.505,0.267,1.25,24.9
Australia,2020,86.1,33.85,111,99.4,99.4,99.2,0.505,0.267,1.25,25.2
Australia,2021,86.1,34.73,110.6,99.5,99.5,99.4,0.543,0.267,1.25,25.5
Austria,2017,82.4,28.29,155.2,99,98,98,0.16,0.158,0.59,8.6
Austria,2018,85.1,28.85,126.7,99,98,98,0.16,0.144,0.61,8.6
Austria,2019,88.8,28.47,123.1,99,98,98,0.16,0.15,0.84,8.6
Austria,2020,88.8,28.35,123.5,99,98,98,0.16,0.15,0.84,8.6
Austria,2021,89.9,28.13,119.8,99,98,98,0.197,0.15,0.84,8.7
Azerbaijan,2017,76.7,19.74,111.2,100,95.47,39,1.413,1.248,1.78,9.7
Azerbaijan,2018,77.4,18.53,104.7,100,95.5,41,1.413,0.632,1.58,9.8
Azerbaijan,2019,77.8,18.34,102.9,100,96.3,42,1.413,0.682,1.7,9.9
Azerbaijan,2020,78.2,19.01,103.9,100,97.1,49,1.413,0.682,1.7,10
Azerbaijan,2021,78.2,19.34,107,100,97.6,93,0.979,0.682,1.7,10.1
Bahrain,2017,88.7,18.45,183.6,99,97.9,95.6,0.403,0.986,0.7,1.4
Bahrain,2018,98,16.3,210,100,100,100,0.403,1.477,0.74,1.5
Bahrain,2019,98.5,13,158.3,100,100,100,0.403,1.507,1.51,1.5
Bahrain,2020,98.6,8.05,133.3,100,100,100,0.403,1.507,1.51,1.5
Bahrain,2021,99.7,8.59,115.8,100,100,100,1.1,1.507,1.51,1.5
Bangladesh,2017,10.1,3.13,84.1,99.4,71,65,2.66,3.991,4.35,158
Bangladesh,2018,14.5,4.17,86.1,99.47,91.4,65,2.24,4.552,3.85,159.7
Bangladesh,2019,6.8,4.57,94.5,99.47,92.79,67,2.349,2.248,3.39,161.4
Bangladesh,2020,6.8,4.99,100.2,99.6,95.23,79,1.536,2.248,3.39,163
Bangladesh,2021,37.6,4.96,101.5,99.6,95.4,82,1.761,2.248,3.39,164.7
Belgium,2017,81.8,36.51,113.2,100,100,99.89,0.506,0.584,0.8,11.4
Belgium,2018,84.8,37.61,110.5,100,100,100,0.506,0.611,0.84,11.4
Belgium,2019,86,38.35,99.5,100,100,100,0.506,0.474,0.87,11.5
Belgium,2020,87.3,39.22,99.7,100,100,100,0.506,0.474,0.87,11.5
Belgium,2021,89.8,39.78,99.7,100,100,100,0.456,0.474,0.87,11.6
Benin,2017,5.4,0.69,88.1,98,45,11.52,16.5,14.202,42.99,10.9
Benin,2018,6.6,0.21,81.8,98,45,23.89,10.8,12.761,27.35,11.2
Benin,2019,4.6,0.26,78.5,98,65,39.72,7.831,7.565,28.37,11.5
Benin,2020,4.6,0.24,82.4,98,80,40,5.906,7.565,28.37,11.8
Benin,2021,4.6,0.21,87.7,98,80,45,3.586,7.565,28.37,12.1
Botswana,2017,41.7,1.74,163.9,98,82,40,5.11,11.642,5.03,2.2
Botswana,2018,43.7,2.73,152.3,98,84,64,2.19,11.259,4.86,2.2
Botswana,2019,45.7,1.47,147,97,80,64,1.556,2.223,5,2.2
Botswana,2020,45.7,1.78,150,97,95,65,1.371,2.223,5,2.3
Botswana,2021,63.5,2.14,162.6,97,96,68,1.066,2.223,5,2.3
Brazil,2017,50.9,12.46,126.1,93.53,93.53,72.08,1.4,1.414,1.05,205.2
Brazil,2018,53.9,13.03,118.4,95.61,95.17,75.38,1.7,2.582,2.31,206.8
Brazil,2019,60.8,13.91,106.5,95.83,95.52,83.05,0.734,4.754,2.37,208.5
Brazil,2020,66.7,14.91,100,95.83,95.52,83.05,1.29,4.754,2.37,210.1
Brazil,2021,66.7,15.6,95.7,91.22,91.13,88.75,0.859,4.754,2.37,211.8
Bulgaria,2017,59.1,22.42,127.7,99.99,99.95,56.73,3.189,1.003,1.62,7.1
Bulgaria,2018,63.5,23.74,125.5,99.99,99.98,86.75,3.189,0.904,1.63,7.1
Bulgaria,2019,67.3,25.3,120.1,99.99,99.99,99.34,3.189,1.085,1.79,7
Bulgaria,2020,72.1,27,118.9,99.99,99.99,99.71,3.189,1.085,1.79,7
Bulgaria,2021,75.1,28.78,116.2,99.99,99.99,99.94,1.162,1.085,1.79,6.9
Burkina Faso,2017,7.5,0.05,79.8,93,10,0,15.1,14.492,63.77,18.6
Burkina Faso,2018,10.6,0.07,82.6,93,23,0,14.16,12.877,67.45,19.2
Burkina Faso,2019,12.9,0.06,93.5,93,28.2,0,14.798,12.127,37.9,19.8
Burkina Faso,2020,12.9,0.07,97.9,93,33,0,7.785,12.127,37.9,20.3
Burkina Faso,2021,12.9,0.06,100.2,93,48.4,26.92,6.72,12.127,37.9,20.9
Burundi,2017,2,0.03,49.2,52.5,0,0,30.255,149.202,382.64,10.5
Burundi,2018,3.3,0.03,51.1,49,11,0,30.255,26.861,349.19,10.8
Burundi,2019,0.3,0.04,54.7,50,39.02,11,13.312,2.727,322.22,11.2
Burundi,2020,0.3,0.04,56.5,53.65,44.48,20.93,13.598,2.727,322.22,11.5
Burundi,2021,0.3,0.03,56.6,55.15,48,25,13.664,2.727,322.22,11.9
Cambodia,2017,6.1,0.54,134.3,99,70,30,2.11,2.264,13.58,15.8
Cambodia,2018,20,0.62,126.3,99,80,50,1.95,2.105,12.63,16
Cambodia,2019,21.3,0.83,116,99,83.9,57.5,1.951,1.951,11.71,16.2
Cambodia,2020,35.4,1.02,119.5,99,85.1,80.3,1.739,1.951,11.71,16.5
Cambodia,2021,41,1.12,129.9,99,85.1,80.3,1.6,1.951,11.71,16.7
Cameroon,2017,8.6,0.09,77.9,81.88,65,0.05,6.43,11.272,42.13,23.9
Cameroon,2018,10.5,1.52,78.2,82.82,65,0.76,6.35,5.865,21.85,24.6
Cameroon,2019,21.7,1.56,82,84.76,69.28,65.94,3.071,6.154,22.92,25.2
Cameroon,2020,21.7,1.57,73.2,95.81,77.33,65.48,2.854,6.154,22.92,25.9
Cameroon,2021,21.7,1.55,82.7,96.3,77.33,65.48,2.049,6.154,22.92,26.6
Canada,2017,86.9,36.4,82.6,99.3,99.3,97.4,0.953,1.021,1.25,36.4
Canada,2018,87.4,36.79,84.5,99.4,99.4,98.5,0.953,1.05,1.52,36.7
Canada,2019,89,37.91,86.3,99.4,99.4,99,0.953,1.094,0.73,37.1
Canada,2020,89,38.96,89.6,99.5,99.5,99.3,0.953,1.094,0.73,37.4
Canada,2021,89,40.83,91.9,99.7,99.5,99.5,0.638,1.094,0.73,37.7
Chile,2017,69.9,15.13,129.1,96,90,76,2.569,1.545,2.21,18.2
Chile,2018,79.3,15.95,128,96,95,79,2.569,1.313,2.52,18.5
Chile,2019,87.5,16.58,124.6,96,95,88,2.569,1.392,2.93,18.7
Chile,2020,87.5,17.36,134.4,99,95,88,2.569,1.392,2.93,19
Chile,2021,87.5,18.09,132.2,99,95,88,0.735,1.392,2.93,19.1
China,2017,54.2,19.69,91.8,99.5,95,85,2.89,1.213,2.91,1371
China,2018,55.5,22.81,96.5,99.5,98,97,2.68,1.092,2.32,1379
China,2019,59.6,27.74,103.4,99.5,98,98,1.357,1.016,2.15,1385
China,2020,59.6,28.54,115.5,99.9,99.4,99.4,0.706,1.016,2.15,1390
China,2021,59.6,31.34,121.8,99.9,99.9,99.9,0.344,1.016,2.15,1395
Colombia,2017,41.8,11.63,120.6,100,100,81,2.02,1.785,2.21,48.2
Colombia,2018,45.8,12.27,121.8,100,100,92,2.91,2.215,3.52,48.9
Colombia,2019,50,12.94,127.2,100,100,96,2.577,2.476,3.97,49.7
Colombia,2020,52.7,13.45,129.9,100,100,98,1.796,2.476,3.97,50.3
Colombia,2021,52.2,13.81,131.7,100,100,98,1.936,2.476,3.97,50.9
Congo (DRC),2017,2.4,0,49.5,50,20,0,54.333,52.174,1084.75,78.8
Congo (DRC),2018,2.8,0,36.7,50,20,0,54.333,0.051,1084.75,81.4
Congo (DRC),2019,1.3,0,43.5,50,40,0,54.333,0.036,1084.75,84.1
Congo (DRC),2020,1.3,0.01,43.4,52,50,0,54.333,0.036,1084.75,86.8
Congo (DRC),2021,1.3,0.01,42.8,54,54,0,19.864,0.036,1084.75,89.6
Costa Rica,2017,60.2,11.52,155.4,93.4,93.4,68.9,1.85,1.295,2.11,4.9
Costa Rica,2018,64.8,13.04,170,97.1,97.1,71,1.23,1.411,2,5
Costa Rica,2019,67.3,15.03,178.6,97.3,97.3,82.2,0.715,0.474,1.86,5
Costa Rica,2020,73.1,16.7,169.9,97.31,97.31,86.54,0.704,0.474,1.86,5
Costa Rica,2021,86.3,17.92,169.4,97.7,97.7,93.8,0.706,0.474,1.86,5.1
Côte d'Ivoire,2017,9.7,0.47,109.4,97.94,45.75,28,6.36,18.334,25.18,23.8
Côte d'Ivoire,2018,11.6,0.57,115.2,95,56.25,34,7.01,16.991,20.39,24.4
Côte d'Ivoire,2019,13.5,0.58,129.9,95.7,67,47,5.471,15.69,19.3,25.1
Côte d'Ivoire,2020,15.9,0.7,134.9,97.12,70,55,5.106,15.69,19.3,25.7
Côte d'Ivoire,2021,16.9,0.84,145.3,97.54,94.19,58.51,3.074,15.69,19.3,26.4
Croatia,2017,76.7,23.3,104.3,100,99.06,98,0.798,1.066,1.37,4.2
Croatia,2018,77.3,24.8,104.9,100,99.14,96.85,0.798,1.125,1.44,4.2
Croatia,2019,76.5,26.2,103.2,100,99.34,98.31,0.798,1.132,1.45,4.2
Croatia,2020,81.5,27.15,105.6,100,99.4,98.5,0.798,1.132,1.45,4.1
Croatia,2021,80.5,27.96,106.6,100,99.84,99.44,0.267,1.132,1.45,4.1
Cuba,2017,5.6,0.07,29.5,85.3,0,0,4.845,3.398,29.88,11.3
Cuba,2018,15.2,0.13,35.2,85.3,0,0,4.845,3.526,28.88,11.3
Cuba,2019,17.7,0.3,40.7,85.3,47,0,2.884,3.086,28.88,11.3
Cuba,2020,28.2,0.87,47.4,85.3,67,0,2.613,3.086,28.88,11.3
Cuba,2021,30.5,1.61,53.3,85.48,68,22.38,1.427,3.086,28.88,11.3
Czech Republic,2017,73.1,27.79,117.5,99.82,99,98.7,1.27,0.932,0.93,10.6
Czech Republic,2018,76.1,28.91,117.6,99.8,99.7,99.7,1.27,0.555,0.97,10.6
Czech Republic,2019,77.2,29.57,118.8,99.8,99.8,99.8,1.27,0.997,1.43,10.7
Czech Republic,2020,80.5,30.22,119.1,99.8,99.8,99.8,1.27,0.997,1.43,10.7
Czech Republic,2021,81.1,34.98,122.6,99.8,99.8,99.8,0.374,0.997,1.43,10.7
Denmark,2017,91.7,42.28,124.4,99.99,99.99,99.99,0.991,0.144,0.76,5.7
Denmark,2018,94,43.1,122.3,100,100,100,0.991,0.15,0.73,5.7
Denmark,2019,97,43.82,124.6,100,100,100,0.928,0.385,0.81,5.8
Denmark,2020,92.7,44.09,125.5,100,100,100,0.884,0.385,0.81,5.8
Denmark,2021,95.4,43.95,125.5,100,100,100,0.525,0.385,0.81,5.8
Dominican Republic,2017,23.6,6.67,85.6,98.8,98.8,86.4,1.63,1.552,3.66,10.4
Dominican Republic,2018,25.2,7.32,83.8,98.95,98.95,86.4,1.49,2.936,4.91,10.5
Dominican Republic,2019,30,7.81,83.4,99.52,99.15,90.43,1.431,1.826,3.93,10.6
Dominican Republic,2020,31.6,8.26,84.1,99.56,99.23,93.72,1.286,1.826,3.93,10.7
Dominican Republic,2021,33.7,8.86,83.3,99.5,99.46,95.35,1.123,1.826,3.93,10.8
Ecuador,2017,32.8,9.18,79.8,96.98,91.86,49.63,4.12,4.503,4.05,16.5
Ecuador,2018,36,9.76,84.2,96.76,91.9,50.96,6.11,2.065,4.24,16.8
Ecuador,2019,37.2,10.6,87.3,97.08,92.34,58.75,2.037,3.44,4.79,17
Ecuador,2020,37.2,11.44,92.3,95.38,93.04,70.87,1.961,3.44,4.79,17.3
Ecuador,2021,37.2,12.04,91.2,95.5,94.28,83.07,2.303,3.44,4.79,17.5
Egypt,2017,42.3,4.14,101.7,99.8,97.8,0,0.47,1.161,2.32,91
Egypt,2018,46.1,4.73,103.5,99.8,98.71,0,0.33,0.865,1.73,95.2
Egypt,2019,49.2,5.43,106.8,99.8,98.71,61,0.445,0.499,1.27,97.1
Egypt,2020,53.9,6.73,95.3,99.8,98.71,89,0.504,0.499,1.27,98.9
Egypt,2021,59.9,7.57,95,99.83,99.12,95.1,0.518,0.499,1.27,100.9
El Salvador,2017,13.9,5.58,147.6,85.01,61.25,0,7.873,4.88,7.41,6.4
El Salvador,2018,16.9,6.22,151.6,85.01,61.25,15,7.873,3.415,7.26,6.4
El Salvador,2019,17.1,7.06,148.4,97,86,52,5.056,3.33,7.36,6.4
El Salvador,2020,17.1,7.67,146.9,97,86,68,3.141,3.33,7.36,6.4
El Salvador,2021,17.1,7.67,146.9,97,86,68,3.261,3.33,7.36,6.5
Estonia,2017,87.7,29.67,144.7,100,100,100,0.85,0.534,1.14,1.3
Estonia,2018,86.2,31.48,144.2,99,99,99,0.85,0.544,1.16,1.3
Estonia,2019,88.3,32.47,144.3,100,100,99,0.85,0.576,1.15,1.3
Estonia,2020,90.5,33.35,145.4,100,100,99,0.85,0.576,1.15,1.3
Estonia,2021,90.4,32.53,147.2,100,100,99,0.127,0.576,1.15,1.3
Ethiopia,2017,14.4,0.47,42,95,71,10,13.53,19.296,24.12,103.6
Ethiopia,2018,15.4,0.54,49.4,97,85,10,9.65,14.67,22.23,106.4
Ethiopia,2019,18,0.06,37.2,97,85,7,5.77,12.177,18.45,109.2
Ethiopia,2020,18,0.06,37.2,97,85,7,5.282,12.177,18.45,112.1
Ethiopia,2021,18,0.06,37.2,97,85,7,3.21,12.177,18.45,115
Finland,2017,82.2,31.56,134.9,99.99,99.9,99.9,0.487,0.421,0.76,5.5
Finland,2018,84.6,31.14,131.3,99.99,99.9,99.9,0.487,0.639,0.84,5.5
Finland,2019,87.8,31.03,129.9,99.99,99.9,99.9,0.487,0.622,0.87,5.5
Finland,2020,88.9,31.45,129.5,99.99,99.9,99.9,0.487,0.622,0.87,5.5
Finland,2021,89,32.48,129.2,99.99,99.9,99.9,0.582,0.622,0.87,5.5
France,2017,75.3,41.68,103.5,99,99,80,0.372,0.323,0.68,64.7
France,2018,78.7,42.8,104.5,99,99,90,0.372,0.339,0.71,64.8
France,2019,79.8,43.92,106.4,99,99,98,0.372,0.352,0.88,65
France,2020,82.4,44.78,108.4,99,99,99,0.372,0.352,0.88,65.1
France,2021,84,45.69,110.6,99,99,99,0.18,0.352,0.88,65.3
Gabon,2017,29.3,0.57,144.9,97,97,78,3.693,3.564,3.56,2
Gabon,2018,34.4,0.75,147.5,98,92,83,3.693,4.001,4,2.1
Gabon,2019,41,0.72,129,98,95,95,1.264,1.267,4.43,2.1
Gabon,2020,41,1.37,138.3,99,97,97,1.209,1.267,4.43,2.2
Gabon,2021,41,1.03,137.8,99,97,97,1.668,1.267,4.43,2.2
Germany,2017,90.3,37.55,117.8,99,95.7,95.7,0.507,0.434,1.01,82.6
Germany,2018,87.4,38.76,125.9,99,95.7,96.2,0.507,0.299,1.05,82.8
Germany,2019,87.9,40.22,132.7,99,95.7,96.2,0.507,0.464,1.08,82.8
Germany,2020,89.9,41.11,129.3,99,95.7,98.2,0.507,0.464,1.08,82.8
Germany,2021,90.8,41.99,128.4,99,95.7,98.6,0.305,0.464,1.08,82.8
Ghana,2017,28.6,0.26,125.7,96.79,80,23,4.11,3.243,11.35,28.5
Ghana,2018,32.5,0.3,134.5,96.79,80,34.86,3.56,3.63,15.43,29.1
Ghana,2019,22.4,0.2,126.2,96.79,80,34.86,3.298,2.919,14.59,29.8
Ghana,2020,22.4,0.21,137.5,96.79,80,34.86,2.027,2.919,14.59,30.4
Ghana,2021,22.4,0.19,134.3,96.98,95.82,67.65,0.857,2.919,14.59,31.1
Greece,2017,68.1,32.26,117.9,99.9,99.3,83,2.199,0.982,1.15,10.6
Greece,2018,69.1,34.06,118.1,99.9,99.4,93,2.199,1.055,1.24,10.6
Greece,2019,71,35.75,122.4,99.9,99.6,98,2.199,0.95,1.37,10.5
Greece,2020,76.5,37.65,115.7,99.9,99.7,98.8,2.199,0.95,1.37,10.5
Greece,2021,78.5,39.62,113.4,99.9,99.7,98.8,0.668,0.95,1.37,10.4
Guatemala,2017,17.4,2.83,111.5,100,92,20.7,4.2,6.313,6.31,16.6
Guatemala,2018,20.5,3.05,110.1,100,95,40.35,3.93,8.119,6.08,16.9
Guatemala,2019,23.6,3.14,118.2,100,95,40.35,3.726,7.946,5.95,17.2
Guatemala,2020,23.6,3.14,118.7,100,95,40.35,3.513,7.946,5.95,17.6
Guatemala,2021,23.6,3.14,118.7,100,95,40.35,3.365,7.946,5.95,17.9
Guinea,2017,6.4,0.01,94.2,99.1,39.1,10.3,16.408,14.765,80.68,11.7
Guinea,2018,7.6,0.01,94.6,99.1,39.1,10.3,16.408,13.579,13.58,12.1
Guinea,2019,8.9,0.01,97,99.1,39.1,10.3,6.949,11.692,11.69,12.4
Guinea,2020,8.9,0.01,96.8,79,31,18.5,5.272,11.692,11.69,12.8
Guinea,2021,13,0.01,100.8,87,40,29,5.356,11.692,11.69,13.1
Honduras,2017,22.8,2.17,88.3,99.87,83.12,18,9.75,12.816,18.06,8.7
Honduras,2018,24.6,2.38,84.5,86.14,61.28,42.55,8.97,14.321,18.11,8.9
Honduras,2019,26.5,2.53,87.3,92.44,76.78,50.78,10.06,4.661,14.4,9
Honduras,2020,26.5,3.7,79.2,90.74,78.36,67.46,9.662,4.661,14.4,9.8
Honduras,2021,26.5,4.01,77.6,88.21,74.78,67.85,9.123,4.661,14.4,9.9
Hong Kong,2017,79,32.67,232.7,100,99,99,0.577,0.812,0.63,7.2
Hong Kong,2018,79.5,36.25,242.8,100,99,99,0.577,0.812,0.6,7.3
Hong Kong,2019,80.2,36.38,251.8,100,99,99,0.577,0.657,0.46,7.4
Hong Kong,2020,92.3,36.83,269.9,100,99,99,0.577,0.657,0.46,7.4
Hong Kong,2021,94.1,37.72,288.5,100,99,99,0.151,0.657,0.46,7.5
Hungary,2017,75.6,27.81,101.3,99,99,97.3,1.562,1.102,1.93,9.8
Hungary,2018,79.2,28.86,102,99,99,98,1.562,0.879,1.86,9.7
Hungary,2019,82.4,30.39,102.2,99,99,99,1.562,1.499,1.99,9.7
Hungary,2020,83.3,31.72,103.4,99.2,99.2,99.2,1.562,1.499,1.99,9.7
Hungary,2021,86.2,32.94,106.1,99.2,99.2,99.2,0.311,1.499,1.99,9.7
India,2017,20,1.29,76.4,95,74,4,2.69,2.923,5.02,1324.5
India,2018,22.6,1.41,85.1,96,79.67,73.5,1.53,3.056,4.58,1338.7
India,2019,25.4,1.33,87.3,97,88,88,0.48,4.018,4.46,1352.6
India,2020,23.8,1.34,86.9,97,94,94,0.448,4.018,4.46,1366.4
India,2021,23.8,1.4,84.3,99.06,98.15,97.92,0.893,4.018,4.46,1380
Indonesia,2017,42,1.54,131.2,87.9,60,5,1.45,1.437,10.06,258.2
Indonesia,2018,47.2,2,147.4,87.9,74.86,22.6,0.95,1.989,10.74,260.6
Indonesia,2019,57.3,2.35,164.4,98.6,93.78,90.42,0.779,1.397,7.96,262.9
Indonesia,2020,66.2,3.32,119.3,98.71,97.7,97.59,1.206,1.397,7.96,265.3
Indonesia,2021,66.2,3.8,126.1,98.71,97.7,97.59,1.172,1.397,7.96,267.5
Iran,2017,55.5,8.42,94.6,94.2,59.81,14.06,1.66,0.84,0.85,79.6
Iran,2018,62.2,9.56,101.2,96.5,62.67,28.94,1.66,0.706,1.08,80.7
Iran,2019,72.8,10.66,107.9,96.5,77,74,0.369,0.666,1.02,81.8
Iran,2020,79.6,12.71,108.5,96.5,79,76,0.369,0.666,1.02,82.9
Iran,2021,79.6,10.58,142.4,96.5,85,81,0.369,0.666,1.02,84
Ireland,2017,85,28.15,105.4,99,95,90,0.523,0.343,1.19,4.7
Ireland,2018,87,28.97,103.8,99,95,90,0.523,0.329,1.26,4.8
Ireland,2019,89,29.43,103.1,99,95,90,0.523,0.556,1.14,4.8
Ireland,2020,89.1,29.68,103.2,99,95,90,0.523,0.556,1.14,4.9
Ireland,2021,89.1,29.95,105.7,99,95,90,0.116,0.556,1.14,4.9
Israel,2017,74.3,27.24,132.5,99,99,60,1.407,1.07,1.11,8.5
Israel,2018,75.4,27.85,130.3,99,99,70,1.407,0.421,1.07,8.7
Israel,2019,74.1,28.41,127.9,99,99,82,1.407,0.437,0.88,8.9
Israel,2020,74.9,29.05,127.7,99,99,90,1.407,0.437,0.88,9.1
Israel,2021,75.9,29.12,137.3,99,99,94,0.347,0.437,0.88,9.2
Italy,2017,66.2,24.6,144.8,100,100,93,0.925,0.404,1,60.7
Italy,2018,69.2,25.66,141.7,100,100,96,0.925,0.415,1.66,60.7
Italy,2019,71.7,27.34,138.2,100,100,98,0.925,0.431,1.72,60.6
Italy,2020,75.1,28.14,137.5,100,100,99,0.925,0.431,1.72,60.6
Italy,2021,76.1,28.85,131.3,100,100,100,0.538,0.431,1.72,60.5
Jamaica,2017,34.6,7.92,108.5,100,90,0,3.94,3.269,5.97,2.7
Jamaica,2018,39.5,9.84,112.4,100,95,5,1.81,3.128,5.71,2.7
Jamaica,2019,52.9,8.19,105.8,100,95,45,1.49,5.342,8.76,2.7
Jamaica,2020,52.9,9.7,101,100,98,73,1.857,5.342,8.76,2.7
Jamaica,2021,52.9,10.78,102.6,100,99,94,1.857,5.342,8.76,2.7
Japan,2017,97.2,30.37,125.5,99.9,99.9,99,3.689,1.351,0.56,127.8
Japan,2018,96.2,31.16,130.6,99.9,99.9,99,3.689,1.542,0.64,127.5
Japan,2019,96.2,31.79,135.5,99.9,99.9,99,2.102,1.471,0.99,127.2
Japan,2020,95.7,32.62,141.4,99.9,99.9,99,1.874,1.471,0.99,126.9
Japan,2021,95.7,33.5,147,99.9,99.9,99,0.565,1.471,0.99,126.5
Jordan,2017,75.9,3.34,148.9,99,99,80,2.17,2.808,9.32,9.8
Jordan,2018,79,3.11,102.8,99,97.5,87,1.48,4.301,9.25,10.1
Jordan,2019,37.4,3.39,99.2,99.98,99.2,90,2.458,4.877,8.37,10.3
Jordan,2020,37.4,4.01,87.6,99.98,99.8,99,2.332,4.877,8.37,10.6
Jordan,2021,37.4,4.53,77,100,99.8,99,3.586,4.877,8.37,11.2
Kazakhstan,2017,82.2,13.09,149.7,96.6,72.7,65.5,0.62,0.471,0.92,17.8
Kazakhstan,2018,84.4,13.18,143.2,96.6,86.8,69,0.68,0.596,0.77,18.1
Kazakhstan,2019,84.9,14.25,147.6,96.6,87.5,72.9,0.323,0.682,0.88,18.3
Kazakhstan,2020,87.6,13.44,142.3,96.6,87.9,75.3,0.318,0.682,0.88,18.6
Kazakhstan,2021,90.3,13.54,138.6,98,88.8,75.7,0.263,0.682,0.88,18.8
Kenya,2017,29.9,0.28,78.8,92,69,7,4.33,5.082,40.65,49.1
Kenya,2018,30,0.27,79.5,94.4,78,21.5,4.01,4.378,39.39,50.2
Kenya,2019,25,0.57,85.3,95.3,85,25,4.052,4.087,38.41,51.4
Kenya,2020,25,0.72,96.3,96,86,35,3.104,4.087,38.41,52.6
Kenya,2021,17.9,0.93,103.8,97,93.3,57,2.741,4.087,38.41,53.8
Kuwait,2017,76.9,1.43,199.8,99.06,97.2,96.6,0.419,1.032,0.3,4
Kuwait,2018,77.7,2.56,193.6,100,100,99,0.419,0.646,0.34,4.1
Kuwait,2019,99.7,2.9,176,100,99.8,99.6,0.419,0.75,0.35,4.1
Kuwait,2020,100,2.51,171.6,100,100,100,0.419,0.75,0.35,4.2
Kuwait,2021,100,2.01,174.2,100,100,100,0.287,0.75,0.35,4.3
Laos,2017,13.4,0.22,55.3,98,65,5,4.153,4.112,11.21,6.8
Laos,2018,18.7,0.36,57.8,98,69,7,4.153,3.482,13.58,7
Laos,2019,1.7,0.39,53.4,94,78,9,2.488,0.641,9.24,7.1
Laos,2020,1.7,0.64,51.9,94,78,43,2.248,0.641,9.24,7.2
Laos,2021,1.7,1.06,60.8,95,82,43,2.487,0.641,9.24,7.3
Latvia,2017,76,25.2,129.7,99,95,90,0.595,0.625,0.97,2
Latvia,2018,77.3,26.3,134.2,99,99,95,0.595,0.641,1.59,2
Latvia,2019,78.6,26.97,126.3,99,99,95,0.595,0.919,1.61,1.9
Latvia,2020,81.6,27.28,107.3,99,99,95,0.595,0.919,1.61,1.9
Latvia,2021,85.4,26.69,108.7,99,99,95,0.482,0.919,1.61,1.9
Lebanon,2017,75.7,19.64,71.3,99.5,97,48,3.368,3.445,2.89,6.7
Lebanon,2018,77.7,19.36,63.7,99.29,98.18,61.72,3.368,3.469,2.91,6.8
Lebanon,2019,84.4,19.36,64.5,99.3,98.19,97.88,3.045,0.002,2.56,6.9
Lebanon,2020,84.4,0.14,64.5,99.5,98.4,98.2,3.291,0.002,2.56,6.9
Lebanon,2021,84.4,6.13,61.8,99.61,99.61,99,0.996,0.002,2.56,6.8
Liberia,2017,2.7,0.16,81.7,76,50,0,113.942,45.714,190.48,4.6
Liberia,2018,3,0.17,68,76,63,4.4,113.942,46.452,190.48,4.7
Liberia,2019,3,0.19,56.6,76,63,29.86,18.158,9.677,600,4.8
Liberia,2020,3,0.19,56.6,76,63,29.86,17.25,9.677,600,4.9
Liberia,2021,3,0.19,56.6,76,63,29.86,7.395,9.677,600,5.1
Lithuania,2017,68.3,28.42,142.7,100,99.98,91,0.32,0.351,1.01,2.9
Lithuania,2018,71.7,29.68,145.5,100,99.98,98,0.32,0.357,1.03,2.8
Lithuania,2019,75,28.07,153.3,100,99.99,98,0.32,0.7,1.02,2.8
Lithuania,2020,78.4,28.16,163.9,100,99.99,99,0.32,0.7,1.02,2.8
Lithuania,2021,81.5,28.69,168.8,100,99.99,99.99,0.619,0.7,1.02,2.7
Madagascar,2017,5.8,0.1,44.1,74.99,61,21,43.601,37.15,124.39,24.5
Madagascar,2018,7,0.11,32.1,78.01,63.01,23.08,43.601,35.768,135.84,25.2
Madagascar,2019,8.2,0.1,34.1,79.02,64,25.01,18.721,18.435,163.05,25.9
Madagascar,2020,13.3,0.1,40.6,80,65,25,16.331,18.435,163.05,26.6
Madagascar,2021,13.3,0.1,40.6,80,65,25,7.389,18.435,163.05,27.4
Malawi,2017,9.1,0.03,39.2,95,32,6,20.09,27.096,35.19,17.2
Malawi,2018,11.1,0.05,41.7,96,42,15.8,17.85,25.71,24.72,17.7
Malawi,2019,11.1,0.06,44,82,50,30,18.235,16.916,24.17,18.1
Malawi,2020,10.5,0.06,39,84,54,30,15.849,16.916,24.17,18.6
Malawi,2021,10.5,0.06,47.8,88,78,30,13.76,16.916,24.17,19.1
Malaysia,2017,70.1,10.12,145.7,96,92,71,0.82,1.372,1.16,30.7
Malaysia,2018,76.9,8.86,141.6,96,95.3,88,1.07,1.45,1.15,31.1
Malaysia,2019,85.7,8.64,136.1,95.8,93.6,77.2,0.894,2.321,1.13,31.5
Malaysia,2020,87,8.55,134.5,96.2,94.7,79.7,0.415,2.321,1.13,32
Malaysia,2021,90.1,9.28,139.6,96.7,95.5,87.2,0.712,2.321,1.13,32.4
Mali,2017,8.2,0.02,130.2,85,10,0,19.33,19.021,50.47,16.8
Mali,2018,8.9,0.12,112.5,85,23,0,21.04,19.458,25.68,17.3
Mali,2019,10.6,0.08,119,81,29.04,0,10.848,20.08,26.51,17.9
Mali,2020,17.4,0.63,115.1,100,55,28,9.904,20.08,26.51,18.5
Mali,2021,17.4,0.73,116.6,100,60,34,5.111,20.08,26.51,19.1
Mexico,2017,39.2,12.11,88.4,93,89,58,1.29,1.854,2.6,123.3
Mexico,2018,47,12.91,90.6,93,89,58,1.46,1.019,2.39,124.8
Mexico,2019,50.9,13.62,91.6,93,89,58,1.13,1.058,2.48,126.2
Mexico,2020,52.9,14.55,95.2,92.68,89.64,88.2,1.099,1.058,2.48,127.6
Mexico,2021,56.4,15.17,95.7,95.83,94.83,90.75,0.715,1.058,2.48,128.9
Mongolia,2017,22.5,6.94,102.3,99,95,0,1.908,1.596,2.08,3.1
Mongolia,2018,22.4,7.4,110.2,99,95,6.9,1.908,1.602,2.29,3.1
Mongolia,2019,23,9.16,124.8,99,95,21,2.34,1.812,2.18,3.2
Mongolia,2020,43.3,9.66,133.2,100,95,45,2.112,1.812,2.18,3.2
Mongolia,2021,43.3,9.84,137,100,96,59,1.984,1.812,2.18,3.3
Morocco,2017,66.5,3.31,124.3,99.2,80,45.44,2.1,4.029,4.03,35.1
Morocco,2018,68.5,3.57,118.2,99.6,95,68,2.21,4.206,4.21,35.6
Morocco,2019,70.2,3.88,123.4,99.6,96,93,2.215,2.536,4.26,36
Morocco,2020,74.2,4.31,124.2,99.7,98,96,2.016,2.536,4.26,36.5
Morocco,2021,80.8,4.8,128,99.7,98.97,98.75,2.169,2.536,4.26,36.9
Mozambique,2017,13.2,0.16,74.5,78,40,0,6.85,11.467,30.48,27.8
Mozambique,2018,13.2,0.17,54,80,75,0,9.43,5.745,23.34,28.6
Mozambique,2019,10.8,0.22,41.5,80,80,0,7.206,6.425,26.1,29.5
Mozambique,2020,10.8,0.24,47.7,85,82,33,6.821,6.425,26.1,30.4
Mozambique,2021,10.8,0.23,48.7,85,82,40,6.294,6.425,26.1,31.3
Myanmar,2017,19.7,0.06,77.8,95,79.3,0,5.9,6.922,17.34,53
Myanmar,2018,24.4,0.17,95.4,94.83,90.45,9.19,1.47,5.181,16.87,53.4
Myanmar,2019,28.3,0.21,89.8,90.45,90.45,29.52,0.664,1.503,12.21,53.7
Myanmar,2020,28.3,0.24,113.8,95.15,94.15,75,0.601,1.503,12.21,54
Myanmar,2021,28.3,0.24,113.8,95.15,94.15,75,0.778,1.503,12.21,54.4
Namibia,2017,24.5,3.04,110.1,100,50,37,3.49,3.894,6.2,2.4
Namibia,2018,29.5,2.73,112.8,100,53,39,4.66,3.107,8.66,2.4
Namibia,2019,34.6,2.74,111.6,100,53,39,2.875,3.813,9.76,2.4
Namibia,2020,34.6,2.53,112.7,100,53,39,1.958,3.813,9.76,2.5
Namibia,2021,34.6,2.54,113.2,100,69,39,2.372,3.813,9.76,2.5
Nepal,2017,12,1.12,101.9,82,50,0,4.6,11.839,10.06,27.3
Nepal,2018,15,0.82,117.8,91.97,54.1,15.47,4.41,9.013,9.73,27.6
Nepal,2019,17.9,1.82,130.6,92.47,54.1,15.47,7.373,10.546,4.01,28.1
Nepal,2020,17.9,2.82,139.4,92.47,54.1,15.47,6.345,10.546,4.01,28.6
Nepal,2021,17.9,2.82,139.4,92.47,54.1,15.47,2.467,10.546,4.01,29.1
Netherlands,2017,90.9,41.5,122.9,100,99,99,0.621,0.307,0.87,17
Netherlands,2018,92.2,42.53,123,100,99,99,0.621,0.566,0.99,17.1
Netherlands,2019,96.2,42.83,120.6,100,99,99,0.621,0.717,1,17.2
Netherlands,2020,94.9,43.42,123.7,100,99,99,0.621,0.717,1,17.3
Netherlands,2021,96.2,43.63,127.3,100,99,99,0.248,0.717,1,17.3
New Zealand,2017,82.8,31.44,121.4,98,98,88,0.727,0.639,1.34,4.7
New Zealand,2018,85.7,32.85,130.9,98,98,90,0.727,0.657,1.8,4.8
New Zealand,2019,87.8,33.67,136.1,98,98,94,0.727,0.692,1.9,4.9
New Zealand,2020,87.8,34.72,134.9,98,98,97,0.727,0.692,1.9,4.9
New Zealand,2021,87.8,34.72,134.9,98,98,97,0.43,0.692,1.9,5
Nicaragua,2017,14,1.87,116.7,89,75,4,8.12,7.539,17.34,6.3
Nicaragua,2018,16.2,2.81,122.9,90,80,40,9.07,8.28,16.55,6.4
Nicaragua,2019,18.6,3.29,128.1,91,85,42,5.181,7.679,15.78,6.5
Nicaragua,2020,18.6,2.98,115.1,91,85,42,5.39,7.679,15.78,6.5
Nicaragua,2021,18.6,3.32,88.4,92,85,42,5.727,7.679,15.78,6.6
Niger,2017,2.6,0.14,44.8,80,10,0,62.563,3.902,116.08,20.8
Niger,2018,3.1,0.04,35.9,89,22,0,62.563,16.189,120.4,21.6
Niger,2019,15.6,0.04,40.6,92,24,0,11.601,8.414,105.18,22.4
Niger,2020,9.8,0.04,40.6,92,24,0,10.817,8.414,105.18,23.3
Niger,2021,9.8,0.04,40.6,92,24,0,7.319,8.414,105.18,24.2
Nigeria,2017,12.5,0.01,83.3,92.1,40,8.64,1.57,7.578,13.64,186
Nigeria,2018,15.2,0.06,83,92.7,54,8.64,1.59,1.917,15.14,190.9
Nigeria,2019,7.5,0.06,75.9,92.7,54,8.64,1.581,1.869,14.76,195.9
Nigeria,2020,7.5,0.04,88.2,94.33,75.48,22.34,1.7,1.869,14.76,201
Nigeria,2021,7.5,0.04,91.9,89.8,74.2,37.8,1.606,1.869,14.76,206.1
Oman,2017,84,5.47,155.8,99,95,86,0.831,0.877,1.23,4.4
Oman,2018,86.1,6.35,153.3,99.01,96.01,88.77,0.831,0.986,2.96,4.6
Oman,2019,88.6,7.48,148.8,99.1,99,92.1,0.831,1.113,3.34,4.6
Oman,2020,88.6,9.17,140,99.3,99.2,96.05,0.831,1.113,3.34,4.6
Oman,2021,94.5,10.24,138.2,99.3,99.3,96.3,1.287,1.113,3.34,4.4
Pakistan,2017,19,0.9,63.1,86,46,16,1.22,5.023,5.86,203.6
Pakistan,2018,22.1,0.81,67,87,87,27,1.12,6.05,5.04,207.9
Pakistan,2019,11.8,0.88,69.5,88,72,67,0.987,7.579,6.26,212.2
Pakistan,2020,11.8,0.85,72.6,88.7,73,68.6,1.086,7.579,6.26,216.6
Pakistan,2021,34.1,0.81,76.4,88.8,76.6,68.73,0.503,7.579,6.26,220.9
Panama,2017,52.7,7.97,144.7,96,79,10,2.169,1.962,1.58,4
Panama,2018,53.9,10.65,127.4,96,92.67,11,2.169,1.873,2,4.1
Panama,2019,64.3,10.74,128.6,96,95,33,2.169,1.741,1.86,4.2
Panama,2020,72.4,12.93,137,96,95,33,2.169,1.741,1.86,4.2
Panama,2021,70.7,12.33,131.9,96,95,49,2.033,1.741,1.86,4.3
Papua New Guinea,2017,6.7,0.19,43.9,89,60,35,9.921,16.221,8.94,8.3
Papua New Guinea,2018,8.8,0.21,45.7,89,60.9,35,9.921,14.044,4.11,8.4
Papua New Guinea,2019,11,0.21,47.6,89,64.35,50,11.266,14.496,4.25,8.6
Papua New Guinea,2020,11,0.21,47.6,89,64.35,50,9.412,14.496,4.25,8.8
Papua New Guinea,2021,11,0.21,47.6,89,64.35,50,4.257,14.496,4.25,8.9
Paraguay,2017,22.8,3.22,110.8,95.36,66,40,0.33,3.077,6.11,6.8
Paraguay,2018,22.5,3.64,110.5,96.8,95.4,40,0.33,2.356,5.1,6.9
Paraguay,2019,20.4,4.23,108.8,98.24,95.97,58.09,3.923,2.377,5.15,7
Paraguay,2020,24.4,4.61,107,98.8,97.7,80.8,1.518,2.377,5.15,7.1
Paraguay,2021,28.3,5.36,110.2,98.97,98.11,96.6,1.711,2.377,5.15,7.1
Peru,2017,23.2,6.56,112.4,74.86,70.8,44,3.6,2.675,2.08,31.5
Peru,2018,26.4,6.86,119.4,74.86,70.8,44.02,1.85,2.619,2.56,31.8
Peru,2019,28.2,7.35,123.8,82.89,73.94,52.24,1.793,2.733,2.98,32.2
Peru,2020,29.8,7.93,131.8,82.89,73.94,52.24,1.66,2.733,2.98,32.7
Peru,2021,35.9,7.93,131.8,82.89,73.94,52.24,1.716,2.733,2.98,33.2
Philippines,2017,36.1,2.84,115.4,99,78,39,2.02,6.982,7.79,103.7
Philippines,2018,39.1,2.88,115.9,99,93,80,1.95,2.19,7.32,105.2
Philippines,2019,42.7,3.23,114.1,99,93,80,1.844,2.017,6.74,106.7
Philippines,2020,42.7,3.55,126.2,99,93,80,1.357,2.017,6.74,108.1
Philippines,2021,17.7,5.48,154.8,99,93,80,1.528,2.017,6.74,109.6
Poland,2017,75.8,19.1,143.4,100,100,100,0.284,0.715,1.19,38
Poland,2018,80.4,19.29,139.5,100,100,100,0.284,0.72,1.2,38
Poland,2019,81.9,20.11,133,100,100,100,0.284,0.249,1.74,37.9
Poland,2020,84.2,20.7,127.3,100,100,100,0.284,0.249,1.74,37.9
Poland,2021,86.7,20.54,127.7,100,100,100,0.005,0.249,1.74,37.8
Portugal,2017,70.2,30.31,113,99.8,99.1,94.3,1.142,0.846,1.43,10.3
Portugal,2018,74.1,32.69,112.1,99.8,99.3,98.8,1.142,0.632,1.53,10.3
Portugal,2019,76.9,34.74,114.3,99.88,99.5,98.9,1.142,1.012,1.55,10.3
Portugal,2020,79.4,36.9,115.6,99.88,99.2,99.2,1.142,1.012,1.55,10.3
Portugal,2021,80.9,38.8,116.5,99.88,99.8,99.8,0.787,1.012,1.55,10.3
Qatar,2017,95.8,9.27,145.8,100,98,95,0.103,0.272,1.06,2.7
Qatar,2018,95.2,9.56,137.6,100,99.64,99.04,0.103,0.309,1.29,2.7
Qatar,2019,94.6,9.42,146.4,100,99.7,99.5,0.103,0.506,1.41,2.8
Qatar,2020,94,9.63,141.9,100,100,99.5,0.103,0.506,1.41,2.8
Qatar,2021,93.6,10.05,138.3,100,100,99.5,0.407,0.506,1.41,2.9
Romania,2017,67.7,21.39,116,99.9,99.9,66.1,0.831,0.466,0.9,19.8
Romania,2018,72.4,22.48,115.7,99.99,99.96,75.2,0.831,0.46,0.86,19.7
Romania,2019,76.5,24.19,114,99.96,99.96,88.54,0.831,0.436,0.82,19.5
Romania,2020,80.9,26.09,116,99.96,99.96,92.56,0.831,0.436,0.82,19.4
Romania,2021,83.6,27.25,117.1,99.96,99.96,98.13,0.118,0.436,0.82,19.2
Russia,2017,72.1,18.54,156.8,89,73,50,0.758,0.585,0.67,148.3
Russia,2018,74.8,18.95,157.7,90,75,59,0.758,0.644,0.74,148.6
Russia,2019,76.3,21.37,156.2,91,77,62,0.758,0.782,0.45,148.8
Russia,2020,76.6,22,157.4,91,78,70,0.758,0.782,0.45,148.9
Russia,2021,76.9,22.52,164.4,98.9,87.7,87.7,0.316,0.782,0.45,149
Rwanda,2017,6.7,0.19,77,99.98,88.01,20,8.42,2.619,155.34,11.7
Rwanda,2018,9.3,0.19,76.5,99.92,92.08,62,3.87,36.624,142.42,12
Rwanda,2019,9.3,0.18,73.6,99.92,93.37,89,4.66,35.103,136.51,12.3
Rwanda,2020,9.3,0.06,78.9,99.92,96.6,96.6,3.393,35.103,136.51,12.6
Rwanda,2021,9.3,0.07,76.5,99.94,98.9,98.9,2.752,35.103,136.51,13
Saudi Arabia,2017,94,19.97,166.5,99.42,97,85,0.559,0.594,2.01,31.8
Saudi Arabia,2018,92.3,19.72,147.7,99.42,97.15,88,0.559,0.652,1.18,32.6
Saudi Arabia,2019,93,20.1,121.5,99.42,98,90,0.559,1.261,1.28,33.4
Saudi Arabia,2020,94.5,20.24,122.6,99.42,98.1,93.1,0.559,1.261,1.28,34.2
Saudi Arabia,2021,99.2,19.85,120.5,99.99,98.86,94.2,0.596,1.261,1.28,35
Senegal,2017,15.7,0.69,102.6,92,40,0,3.87,7.685,27.67,15
Senegal,2018,19.9,0.66,101.3,97.4,50,8.6,5.23,5.577,15.46,15.4
Senegal,2019,24.2,0.73,102.2,97.7,66.29,36.5,4.396,4.026,24,15.8
Senegal,2020,6.6,0.82,104.5,97.9,92.2,62,2.915,4.026,24,16.3
Senegal,2021,6.6,0.93,109.7,98,92.1,66.8,3.114,4.026,24,16.7
Sierra Leone,2017,4,0.49,78.9,90,20,0,51.89,49.678,53.23,7.3
Sierra Leone,2018,10.7,0.55,85.7,90,40.02,0,20.8,41.994,49.16,7.5
Sierra Leone,2019,13.8,0.54,88.5,90,40.02,0,25.861,37.501,37.5,7.7
Sierra Leone,2020,13.8,0.68,83.1,74,50,0,9.858,37.501,37.5,7.8
Sierra Leone,2021,13.8,0.65,86.1,80,60,35,8.24,37.501,37.5,8
Singapore,2017,88.2,26.58,147.2,100,100,100,0.477,0.327,0.66,5.6
Singapore,2018,91.1,28.16,149.7,100,100,100,0.477,0.326,0.49,5.6
Singapore,2019,91.1,25.85,146.8,100,100,100,0.477,0.318,0.8,5.6
Singapore,2020,97.7,25.94,148.8,100,100,100,0.477,0.318,0.8,5.7
Singapore,2021,98.4,25.91,155.6,100,100,100,0.166,0.318,0.8,5.7
Slovakia,2017,79.5,23.43,122.8,100,93,75,1.805,0.752,1.13,5.4
Slovakia,2018,80.5,24.56,128.4,100,94,87,1.805,0.79,1.19,5.4
Slovakia,2019,81.3,25.79,130.7,100,95,92,1.805,0.815,1.22,5.5
Slovakia,2020,80.8,27.65,132.8,100,95,94,1.805,0.815,1.22,5.5
Slovakia,2021,82.2,29.05,135.6,100,97,97,0.317,0.815,1.22,5.5
South Africa,2017,50,2.54,158.9,99.9,98,54,2.35,1.321,2.57,56.2
South Africa,2018,59.8,2.05,146.6,99.6,98,73,2.5,1.119,4.01,57
South Africa,2019,61.8,1.97,155.2,99.97,98.61,77.62,2.301,1.248,2.74,57.8
South Africa,2020,61.8,1.92,159.9,99.97,99.51,90.32,2.175,1.248,2.74,58.6
South Africa,2021,61.8,2.14,165.6,99.97,99.66,94.41,1.453,1.248,2.74,59.3
South Korea,2017,98.8,39.4,116,99.9,99,99,3.689,0.406,1.22,51
South Korea,2018,99.2,40.32,120.2,99.9,99.9,99.9,3.689,0.388,1.4,51.1
South Korea,2019,99.5,41.48,124.6,99.9,99.9,99.9,2.102,0.385,1.39,51.2
South Korea,2020,99.5,41.6,129.7,99.9,99.9,99.9,1.874,0.385,1.39,51.2
South Korea,2021,99.7,42.76,134.5,99.9,99.9,99.9,0.492,0.385,1.39,51.3
Spain,2017,78.9,29.02,109.4,99.8,99.4,91.3,0.388,0.609,1.13,46.6
Spain,2018,82.1,30.26,110.5,99.8,99.6,91.3,0.388,0.627,1.16,46.6
Spain,2019,83.4,31.44,112.6,99.8,99.7,96.2,0.388,0.75,1.2,46.7
Spain,2020,86.4,32.5,116,99.8,99.7,97.8,0.388,0.75,1.2,46.7
Spain,2021,91.4,33.41,118.4,99.8,99.7,99.4,0.28,0.75,1.2,46.8
Sri Lanka,2017,18.1,2.99,114.3,98.96,83,35,0.43,0.519,1.32,21
Sri Lanka,2018,21.1,4.24,122.7,99,85,36,0.4,0.567,1.42,21.1
Sri Lanka,2019,24.4,5.78,133.5,99.72,88,48,0.242,0.485,1.22,21.2
Sri Lanka,2020,24.4,7.27,142.7,99,86,80,0.232,0.485,1.22,21.3
Sri Lanka,2021,24.4,7.81,144.3,99,89,80,0.297,0.485,1.22,21.4
Sudan,2017,32.3,0.07,71.8,89.45,45.73,0,2.6,6.482,2.88,39.8
Sudan,2018,33.6,0.07,69.8,89.7,45.9,30,4.41,6.679,8.83,40.8
Sudan,2019,33.6,0.07,70.2,89.7,45.99,35,0.606,12.242,13.6,41.8
Sudan,2020,33.6,0.08,72,90,46.6,35,0.752,12.242,13.6,42.8
Sudan,2021,33.6,0.08,77.1,90.9,55.5,35,1.121,12.242,13.6,43.8
Sweden,2017,91,35.8,129.4,99.99,99.99,99.99,0.238,0.242,0.9,9.8
Sweden,2018,92,37.41,127.5,100,100,100,0.238,0.255,0.95,9.9
Sweden,2019,94.7,38.92,126.4,100,100,100,0.238,0.262,0.98,10
Sweden,2020,94.7,39.53,126.6,100,100,100,0.238,0.262,0.98,10.1
Sweden,2021,96.1,40.24,128.5,100,100,100,0.251,0.262,0.98,10.1
Switzerland,2017,84.7,44.6,135.5,100,100,98,0.537,0.567,0.49,8.4
Switzerland,2018,86.8,45.06,134.2,100,100,99,0.537,0.579,0.59,8.5
Switzerland,2019,88.6,46.32,131.1,100,100,99,0.537,0.586,0.68,8.5
Switzerland,2020,88.6,45.56,126.5,100,100,99,0.537,0.586,0.68,8.6
Switzerland,2021,91.6,46.9,126,100,100,99,0.278,0.586,0.68,8.7
Taiwan,2017,82,24.01,126,100,100,99.45,0.313,0.816,0.57,23.5
Taiwan,2018,82,24.07,123.8,100,100,99.5,0.313,0.805,0.58,23.6
Taiwan,2019,89.9,24.13,121.6,100,100,99.6,0.313,0.725,0.49,23.6
Taiwan,2020,89,24.13,123.7,100,100,99.9,0.313,0.725,0.49,23.6
Taiwan,2021,86.2,24.53,123.2,100,100,99.9,0.264,0.725,0.49,23.6
Tanzania,2017,5.1,0.21,77,95,85,13,6.25,5.534,27.67,53
Tanzania,2018,8.5,0.6,75.5,95,85,13,5.83,5.114,34.09,54.7
Tanzania,2019,14.4,1.4,73.1,95,85,13,5.76,4.995,23.31,56.3
Tanzania,2020,14.4,1.53,77.2,95,85,13,5.108,4.995,23.31,58
Tanzania,2021,14.4,1.79,82.2,95,85,13,6.53,4.995,23.31,59.7
Thailand,2017,52.2,9.07,149.8,97,97,21,1.19,1.221,3.93,69
Thailand,2018,59.8,10.47,173.5,98,98,98,1.31,1.187,3.82,69.2
Thailand,2019,64.4,11.86,175.6,98,98,98,1.22,0.438,3.8,69.4
Thailand,2020,67.7,13.24,180.2,98,98,98,1.144,0.438,3.8,69.6
Thailand,2021,74.6,14.52,186.2,98,98,98,1.121,0.438,3.8,69.8
Trinidad & Tobago,2017,65,20.33,155,100,75,0,1.524,0.554,1.37,1.4
Trinidad & Tobago,2018,70.9,18.55,157.2,100,75,10,1.524,2.411,1.47,1.4
Trinidad & Tobago,2019,77.5,23.61,146.7,100,75,75,2.285,0.612,1.52,1.4
Trinidad & Tobago,2020,77.5,24.62,141.9,100,100,75,3.646,0.612,1.52,1.4
Trinidad & Tobago,2021,77.5,24.33,155.1,100,100,75,2.855,0.612,1.52,1.4
Tunisia,2017,30.7,5.13,130.6,99,94,0,1.41,1.931,1.27,11.3
Tunisia,2018,37.5,5.66,126.3,99,99,73,1.37,1.192,1.47,11.4
Tunisia,2019,44.5,7.01,125.4,99,99,87,1.238,1.127,1.48,11.6
Tunisia,2020,46,8.77,127.7,99,99,96,1.208,1.127,1.48,11.7
Tunisia,2021,51.5,10.2,126.3,99,99,96,1.305,1.127,1.48,11.8
Turkey,2017,69.5,12.1,93.8,98.51,95.03,0,1.23,0.734,0.89,79.8
Turkey,2018,76.3,13.15,94,99.67,96.04,82.5,0.57,1.599,0.92,81.1
Turkey,2019,80.7,14.7,95.9,99.84,97.38,86.52,0.5,1.358,0.84,82.3
Turkey,2020,83.8,16.28,97.3,99.69,98.32,93.17,0.492,1.358,0.84,83.4
Turkey,2021,88.3,17.06,96.8,99.7,98.56,96.71,0.459,1.358,0.84,84.3
UAE,2017,94.3,13.33,193.7,100,100,95.29,0.74,0.755,1.14,9.4
UAE,2018,94.3,13.86,212.6,100,100,99.6,0.74,0.797,0.56,9.5
UAE,2019,96.9,29.11,209,100,100,99.64,0.74,0.823,0.57,9.6
UAE,2020,98.4,31.4,208.5,100,100,99.73,0.74,0.823,0.57,9.8
UAE,2021,99.1,31.17,200.6,100,100,99.82,0.391,0.823,0.57,9.5
Uganda,2017,7.2,0.21,52.9,91,60,10,15.33,15.615,433.73,39.6
Uganda,2018,8.9,0.23,57.6,93,64,15,16.2,15.545,8.88,41.2
Uganda,2019,10.8,0.02,60.6,93,65,17,8.075,13.472,8.98,42.7
Uganda,2020,10.8,0.02,57.3,98,69.63,57,7.751,13.472,8.98,44.3
Uganda,2021,10.8,0.02,57.4,98,69.63,57,6.385,13.472,8.98,45.5
Ukraine,2017,50.2,11.64,142,99.9,35,0,4.169,1.221,1.22,42.5
Ukraine,2018,54.6,12.03,133.2,99.9,90,1.44,4.169,0.991,1.19,42.4
Ukraine,2019,60.3,12.35,131.4,99.9,90,3,1.355,0.948,1.52,42.2
Ukraine,2020,61.9,12.8,127.8,99.9,90,3,1.276,0.948,1.52,42
Ukraine,2021,61.9,16.16,130.6,99.9,89.1,78.1,0.779,0.948,1.52,41.8
United Kingdom,2017,91.3,37.45,120.3,99.6,99.6,97.8,0.451,0.414,0.41,65.8
United Kingdom,2018,93.5,38.42,119.1,99.6,99.6,98.5,0.451,0.452,0.23,66.7
United Kingdom,2019,89.6,39.03,118.5,99.8,99.6,99.3,0.451,0.448,1.01,67.1
United Kingdom,2020,90.2,39.6,118.4,99.9,99.7,99.7,0.451,0.448,1.01,67.5
United Kingdom,2021,92.9,39.67,119.9,99.9,99.7,99.7,0.403,0.448,1.01,67.9
United States,2017,81.5,31.85,119.1,99.9,99.9,99.6,0.474,0.349,0.35,323
United States,2018,81.9,32.73,122.6,99.9,99.9,99.6,0.474,0.342,0.8,325.1
United States,2019,83.8,33.28,123,99.9,99.9,99.8,0.474,0.663,1.02,327.1
United States,2020,85.3,33.89,129,99.9,99.9,99.9,0.474,0.663,1.02,329.1
United States,2021,85.3,34.72,134.5,99.9,99.9,99.9,0.812,0.663,1.02,331
Uruguay,2017,59.7,26.4,151.4,100,90,50,0.992,0.612,1.38,3.4
Uruguay,2018,61.8,26.92,149.4,100,91,88,0.992,0.584,0.85,3.4
Uruguay,2019,64.3,27.74,148.3,100,91,88,0.992,0.608,0.85,3.4
Uruguay,2020,68.4,28.34,149.9,91,91,86.2,0.992,0.608,0.85,3.4
Uruguay,2021,69.3,29.25,138.1,91,91,82.5,0.921,0.608,0.85,3.5
Uzbekistan,2017,75.2,5.78,70.4,98,43.04,10,3.941,4.615,3.04,31.4
Uzbekistan,2018,79.7,8.73,74,98.4,45.3,16.9,3.941,13.534,2.61,32
Uzbekistan,2019,79.9,10.39,75.9,98.4,75,43,1.833,13.453,2.13,32.5
Uzbekistan,2020,80.4,12.7,71.5,98.6,75.5,44,1.746,13.453,2.13,33
Uzbekistan,2021,80.4,13.94,101.2,99.2,80.7,47.7,1.844,13.453,2.13,33.5
Venezuela,2017,34.7,8.61,96.7,96,90,45,3.51,5.357,2.51,30.8
Venezuela,2018,34,8.76,92.5,96,90.64,67.79,3.51,5.357,2.51,31.2
Venezuela,2019,33.5,8.87,83.3,96,90.64,82,3.51,5.357,3.98,31.6
Venezuela,2020,33.5,9.02,71.8,91,81,64,3.51,5.357,3.98,29.8
Venezuela,2021,33.5,8.98,47.3,92,82,65,3.51,5.357,3.98,28
Vietnam,2017,24.1,8.26,129.8,94,70,0,1.04,3.375,0.56,93.6
Vietnam,2018,25.9,9.72,128.8,94,77.32,5,0.88,3.097,0.56,94.6
Vietnam,2019,27.3,11.91,126.9,99.5,98,95,1.188,3.036,0.51,95.5
Vietnam,2020,46,13.6,147.2,99.6,99.6,93.89,1.074,3.036,0.51,96.5
Vietnam,2021,46,15.35,141.2,99.8,99.8,97,0.967,3.036,0.51,97.3
Zambia,2017,12.7,0.15,72.8,93,53,1.34,12.25,10.614,22,16.4
Zambia,2018,14.3,0.19,73.4,93,53,5.77,12.25,11.041,21.23,16.8
Zambia,2019,16.6,0.21,79.7,93,53,43.41,3.879,12.606,24.24,17.4
Zambia,2020,17.7,0.42,89.2,86.9,76.5,43.41,3.27,12.606,24.24,17.9
Zambia,2021,17.7,0.5,96.4,86.9,71.8,49.1,2.89,12.606,24.24,18.4
Zimbabwe,2017,21.6,1.19,92.3,88.7,55.1,11,44.68,75,14.06,14
Zimbabwe,2018,22.1,1.22,91.8,88.9,55.25,22.64,32.97,32.558,13.95,14.2
Zimbabwe,2019,24,1.32,99,90.09,78.2,34.72,19.78,30.882,13.24,14.4
Zimbabwe,2020,30.3,1.41,89.4,93,84,35,10.056,30.882,13.24,14.6
Zimbabwe,2021,30.3,1.4,90.1,93.4,84.2,35,10.056,30.882,13.24,14.9
